<?xml version="1.0" encoding="UTF-8"?>
<project-private xmlns="http://www.netbeans.org/ns/project-private/1">
    <editor-bookmarks xmlns="http://www.netbeans.org/ns/editor-bookmarks/2" lastBookmarkId="0"/>
    <open-files xmlns="http://www.netbeans.org/ns/projectui-open-files/2">
        <group>
            <file>file:/C:/Users/kenza%20%20ben%20debba/Documents/NetBeansProjects/JavaFXApplication/src/org/xemascode/demo/Main.fxml</file>
            <file>file:/C:/Users/kenza%20%20ben%20debba/Documents/NetBeansProjects/JavaFXApplication/src/org/xemascode/demo/MainController.java</file>
            <file>file:/C:/Users/kenza%20%20ben%20debba/Documents/NetBeansProjects/JavaFXApplication/src/org/xemascode/demo/Main.java</file>
            <file>file:/C:/Users/kenza%20%20ben%20debba/Documents/NetBeansProjects/JavaFXApplication/src/org/xemascode/demo/Books.java</file>
        </group>
    </open-files>
</project-private>
